date,t,u,rrsum
20140101,9.975000000000023,64.25,0.0
20140102,11.725000000000023,74.5,0.0
20140103,13.700000000000031,80.25,0.0
20140104,14.100000000000023,83.33333333333333,0.2
20140105,12.15000000000002,70.0,0.4
20140106,11.875000000000014,72.25,0.2
20140107,12.650000000000034,74.25,0.0
20140108,12.550000000000026,76.75,0.0
20140109,11.675000000000026,80.5,0.2
20140110,13.300000000000026,78.5,0.0
20140111,12.875000000000028,78.5,0.0
20140112,13.100000000000037,83.75,0.0
20140113,13.90000000000002,73.75,0.0
20140114,11.77500000000002,62.0,0.0
20140115,11.275000000000034,70.25,0.0
20140116,11.40000000000002,73.0,0.0
20140117,13.166666666666686,74.66666666666667,0.0
20140118,13.350000000000023,85.0,0.0
20140119,11.800000000000026,89.25,5.0
20140120,11.250000000000028,86.75,2.6
20140121,12.750000000000028,68.5,0.6
20140122,12.200000000000017,71.5,13.0
20140123,10.350000000000037,90.25,4.8
20140124,11.175000000000011,52.5,0.2
20140125,11.40000000000002,56.5,0.0
20140126,12.225000000000009,44.5,0.0
20140127,13.500000000000028,57.75,1.0
20140128,9.40000000000002,61.25,0.0
20140129,10.800000000000026,61.25,0.0
20140130,11.925000000000026,80.0,1.0
20140131,10.675000000000026,57.0,0.0
20140201,12.300000000000026,74.0,1.8
20140202,10.700000000000031,78.25,0.0
20140203,12.825000000000017,73.75,0.0
20140204,11.125000000000028,82.75,2.0
20140205,11.450000000000031,74.25,0.4
20140206,13.225000000000023,56.5,0.0
20140207,15.125000000000014,64.25,0.0
20140208,13.575000000000017,62.0,0.0
20140209,14.575000000000031,25.5,0.0
20140210,13.050000000000026,82.0,2.0
20140211,11.850000000000023,76.5,0.8
20140212,11.90000000000002,60.25,0.0
20140213,12.02500000000002,78.0,0.0
20140214,15.92500000000004,52.75,0.0
20140215,14.425000000000011,81.0,0.0
20140216,14.000000000000028,82.75,0.0
20140217,15.250000000000028,73.5,0.0
20140218,14.325000000000031,83.0,0.0
20140219,14.550000000000026,84.75,4.8
20140220,12.575000000000017,73.0,10.0
20140221,14.050000000000011,68.5,0.0
20140222,13.500000000000028,51.75,0.0
20140223,13.17500000000004,61.5,0.0
20140224,11.850000000000023,57.5,0.0
20140225,12.125000000000028,64.75,0.0
20140226,12.825000000000031,71.0,0.2
20140227,13.250000000000014,61.0,0.0
20140228,13.200000000000031,55.75,0.0
20140301,10.300000000000011,64.5,0.0
20140302,10.300000000000026,69.5,3.0
20140303,11.575000000000017,72.0,1.0
20140304,8.125000000000014,86.5,19.0
20140305,12.225000000000023,64.25,0.2
20140306,13.225000000000009,55.25,0.0
20140307,15.450000000000031,50.5,0.0
20140308,15.500000000000043,54.5,0.0
20140309,14.475000000000009,52.75,0.0
20140310,13.950000000000031,58.5,0.0
20140311,13.300000000000026,59.5,0.0
20140312,13.550000000000011,50.25,0.0
20140313,15.250000000000028,48.0,0.0
20140314,14.600000000000023,62.5,0.0
20140315,15.475000000000023,63.5,0.0
20140316,15.425000000000026,74.0,0.0
20140317,15.175000000000026,78.0,0.0
20140318,14.77500000000002,76.0,0.0
20140319,14.700000000000031,75.75,0.0
20140320,14.27500000000002,77.0,0.0
20140321,15.050000000000011,81.0,0.0
20140322,15.550000000000026,73.75,0.0
20140323,13.15000000000002,57.0,1.0
20140324,13.400000000000034,35.5,0.0
20140325,11.550000000000011,63.0,1.0
20140326,10.250000000000014,80.5,7.0
20140327,11.375000000000028,77.5,4.6
20140328,16.133333333333365,57.0,0.0
20140329,15.450000000000017,72.0,0.0
20140330,15.825000000000017,65.25,0.0
20140331,16.47500000000001,60.25,0.0
20140401,15.100000000000023,75.75,0.0
20140402,15.500000000000028,77.5,0.0
20140403,15.025000000000034,82.75,0.0
20140404,13.750000000000028,78.5,1.0
20140405,15.200000000000017,71.25,0.2
20140406,19.866666666666674,55.0,0.0
20140407,20.17500000000001,55.0,0.0
20140408,17.850000000000023,71.25,0.0
20140409,17.425000000000026,74.0,0.0
20140410,17.400000000000034,69.66666666666667,0.0
20140411,16.27500000000002,75.25,0.0
20140412,17.20000000000003,76.75,0.0
20140413,17.40000000000002,74.25,0.0
20140414,17.800000000000026,76.5,0.0
20140415,16.700000000000017,64.75,0.0
20140416,13.200000000000017,45.0,0.0
20140417,16.70000000000003,36.25,0.0
20140418,17.55000000000001,46.25,0.0
20140419,16.650000000000034,59.75,0.0
20140420,16.550000000000026,71.0,0.0
20140421,17.933333333333355,75.66666666666667,0.0
20140422,17.475000000000023,77.5,0.0
20140423,20.925000000000026,53.25,0.0
20140424,19.925000000000026,64.5,0.0
20140425,17.77500000000002,79.5,0.0
20140426,19.200000000000006,71.66666666666667,0.0
20140427,15.375000000000028,77.0,6.2
20140428,16.450000000000017,73.0,9.0
20140429,18.02500000000002,64.5,0.0
20140430,18.400000000000034,69.25,0.0
20140501,17.62500000000003,66.5,0.0
20140502,14.575000000000031,84.25,36.2
20140503,17.100000000000023,66.75,0.4
20140504,19.00000000000003,52.25,0.0
20140505,19.20000000000003,51.25,0.0
20140506,19.300000000000026,68.0,0.0
20140507,19.233333333333366,72.66666666666667,0.0
20140508,20.200000000000017,67.5,0.0
20140509,19.65000000000002,75.25,0.0
20140510,20.57500000000003,71.5,0.0
20140511,19.025000000000034,81.75,0.0
20140512,20.133333333333344,54.666666666666664,0.0
20140513,19.300000000000026,56.75,0.0
20140514,21.45000000000003,27.5,0.0
20140515,19.366666666666692,33.333333333333336,0.0
20140516,21.90000000000002,23.25,0.0
20140517,19.65000000000002,63.75,0.0
20140518,19.12500000000003,68.25,0.0
20140519,15.67500000000004,87.5,4.0
20140520,19.350000000000023,82.75,0.2
20140521,20.375000000000014,73.75,0.0
20140522,20.350000000000023,78.5,0.0
20140523,20.225000000000037,74.0,0.0
20140524,20.700000000000045,60.0,0.0
20140525,21.90000000000002,49.5,0.0
20140526,21.50000000000004,54.0,0.0
20140527,21.03333333333336,53.0,0.0
20140528,21.000000000000014,52.0,0.0
20140529,21.700000000000045,56.0,0.0
20140530,21.033333333333342,68.66666666666667,0.0
20140531,19.225000000000023,76.25,5.0
20140601,22.650000000000006,42.0,0.0
20140602,22.850000000000023,48.0,0.0
20140603,22.100000000000023,59.0,0.0
20140604,23.30000000000001,58.0,0.0
20140605,23.900000000000034,61.0,0.0
20140606,23.52500000000002,63.75,0.0
20140607,25.55000000000001,48.0,0.0
20140608,27.900000000000034,39.5,0.0
20140609,29.366666666666692,43.666666666666664,0.0
20140610,27.650000000000034,43.0,0.0
20140611,30.100000000000023,42.5,0.0
20140612,29.50000000000003,46.5,0.0
20140613,28.900000000000006,56.5,0.0
20140614,26.500000000000018,61.0,0.0
20140615,20.40000000000002,80.75,9.0
20140616,22.00000000000003,65.0,8.0
20140617,22.80000000000004,54.5,0.0
20140618,23.366666666666692,45.666666666666664,0.0
20140619,25.450000000000017,39.5,0.0
20140620,25.80000000000001,56.0,0.0
20140621,25.50000000000003,64.5,0.0
20140622,25.80000000000001,66.0,0.0
20140623,24.72500000000001,77.25,0.0
20140624,24.700000000000017,72.5,0.0
20140625,26.20000000000003,61.5,0.0
20140626,22.02500000000002,73.25,0.2
20140627,25.475000000000023,64.0,0.0
20140628,25.925000000000026,60.0,0.0
20140629,25.475000000000023,71.25,1.0
20140630,26.925000000000026,43.25,0.0
20140701,24.575000000000017,60.25,0.0
20140702,25.25000000000003,62.25,0.0
20140703,25.400000000000034,70.75,0.0
20140704,25.80000000000004,64.0,0.0
20140705,26.050000000000026,67.5,0.0
20140706,26.05000000000001,65.0,0.0
20140707,24.25000000000003,81.5,1.0
20140708,26.73333333333335,38.333333333333336,0.0
20140709,25.850000000000023,36.0,0.0
20140710,24.075000000000017,46.5,0.0
20140711,25.600000000000023,45.333333333333336,0.0
20140712,24.050000000000026,67.75,0.0
20140713,23.90000000000002,66.0,1.0
20140714,23.03333333333336,70.66666666666667,4.6
20140715,25.975000000000023,59.0,0.2
20140716,28.533333333333342,49.666666666666664,0.0
20140717,30.0,43.0,0.0
20140718,27.950000000000017,58.0,0.0
20140719,28.350000000000023,60.25,0.0
20140720,26.02500000000002,74.5,0.2
20140721,27.933333333333355,47.666666666666664,0.0
20140722,25.05000000000001,62.0,0.0
20140723,26.733333333333366,58.666666666666664,0.0
20140724,25.433333333333355,67.33333333333333,0.0
20140725,24.466666666666697,73.66666666666667,8.0
20140726,25.37500000000003,76.0,31.0
20140727,27.50000000000003,51.75,0.0
20140728,27.900000000000016,56.333333333333336,0.0
20140729,23.27500000000002,68.0,0.6000000000000001
20140730,23.40000000000002,67.25,0.4
20140731,25.55000000000001,66.5,0.0
20140801,26.15000000000002,69.75,0.0
20140802,26.15000000000002,70.5,0.0
20140803,24.600000000000023,75.0,0.0
20140804,26.433333333333355,70.0,0.0
20140805,27.00000000000003,64.75,0.0
20140806,28.366666666666692,43.666666666666664,0.0
20140807,26.650000000000006,65.5,0.0
20140808,26.83333333333337,70.0,0.0
20140811,27.666666666666686,70.0,0.0
20140812,28.700000000000017,69.5,0.0
20140813,27.700000000000006,68.66666666666667,0.0
20140814,27.933333333333376,46.0,0.0
20140815,26.066666666666702,50.0,0.0
20140816,25.225000000000023,43.25,0.0
20140817,24.700000000000003,46.0,0.0
20140818,24.550000000000026,60.0,0.0
20140819,25.65000000000002,73.75,0.0
20140820,26.75000000000003,61.25,0.0
20140821,26.15000000000002,67.5,0.0
20140822,25.95000000000003,64.75,0.0
20140823,26.425000000000026,57.0,0.0
20140824,25.75000000000003,53.75,0.0
20140825,24.82500000000003,65.25,0.0
20140826,25.75000000000003,66.0,0.0
20140827,27.025000000000034,68.25,0.0
20140828,25.95000000000003,68.0,0.0
20140829,26.575000000000017,64.25,0.0
20140830,26.42500000000001,63.0,0.0
20140831,25.700000000000017,71.75,0.0
20140901,24.800000000000026,45.0,0.0
20140902,25.775000000000034,42.25,0.0
20140903,23.875000000000014,56.5,0.0
20140904,25.95000000000003,50.25,0.0
20140905,26.475000000000023,53.25,0.0
20140906,26.52500000000002,57.0,0.0
20140907,25.675000000000026,66.25,0.0
20140908,26.025000000000034,66.75,0.0
20140909,25.700000000000017,71.0,0.0
20140910,24.350000000000023,71.0,1.2
20140911,22.90000000000002,76.5,0.0
20140912,22.925000000000026,67.0,0.8
20140913,23.600000000000023,65.75,0.0
20140914,23.87500000000003,63.5,0.0
20140915,23.225000000000023,68.5,0.0
20140916,23.850000000000037,70.75,0.0
20140917,23.62500000000003,78.5,0.4
20140918,25.10000000000001,77.0,0.0
20140919,25.550000000000026,86.0,0.0
20140920,26.20000000000003,75.5,0.0
20140921,26.42500000000004,69.75,0.0
20140922,25.925000000000026,59.0,0.0
20140923,22.20000000000003,44.5,0.0
20140924,21.825000000000017,43.25,0.0
20140925,22.575000000000017,64.5,0.0
20140926,22.325000000000017,47.75,0.0
20140927,23.775000000000006,53.75,0.0
20140928,23.70000000000003,63.25,0.0
20140929,23.97500000000001,64.75,0.0
20140930,23.70000000000003,70.75,0.2
20141001,23.625000000000014,72.75,0.0
20141002,23.00000000000003,58.75,0.0
20141003,22.07500000000003,57.75,0.0
20141004,21.475000000000023,59.25,0.0
20141005,21.90000000000002,56.5,0.0
20141006,21.07500000000003,70.25,0.0
20141007,22.22500000000001,76.25,0.0
20141008,24.333333333333353,77.33333333333333,0.0
20141009,24.325000000000017,82.0,0.0
20141010,24.500000000000014,82.25,0.0
20141011,24.60000000000001,77.25,0.0
20141012,23.850000000000037,80.0,0.0
20141013,23.92500000000001,79.25,0.2
20141014,23.550000000000026,71.0,0.0
20141015,23.90000000000002,66.25,0.2
20141016,23.22500000000001,75.25,0.0
20141017,24.15000000000002,64.25,0.0
20141018,23.75000000000003,74.25,0.0
20141019,23.350000000000023,71.5,0.0
20141020,22.450000000000017,71.25,0.0
20141021,22.325000000000017,73.25,0.0
20141022,20.12500000000003,21.25,0.0
20141023,22.000000000000014,26.0,0.0
20141024,21.350000000000037,48.0,0.0
20141025,20.100000000000023,59.0,0.0
20141026,17.15000000000002,58.75,0.0
20141027,16.475000000000023,58.75,0.0
20141028,16.650000000000034,59.5,0.0
20141029,17.975000000000023,62.25,0.0
20141030,18.225000000000023,60.25,0.0
20141031,18.250000000000043,53.0,0.0
20141101,18.450000000000017,46.5,0.0
20141102,17.95000000000003,54.75,0.0
20141103,18.850000000000023,63.0,0.0
20141104,21.02500000000002,69.25,0.8
20141105,18.300000000000026,73.5,1.2
20141106,16.675000000000026,76.0,4.0
20141107,17.600000000000023,62.75,0.0
20141108,18.225000000000037,55.5,0.0
20141109,17.900000000000034,68.0,0.0
20141110,19.300000000000026,72.25,0.2
20141111,16.225000000000023,83.75,37.0
20141112,16.87500000000003,81.75,1.4
20141113,17.225000000000023,67.75,0.0
20141114,17.00000000000003,69.0,0.0
20141115,16.975000000000037,75.0,2.2
20141116,14.450000000000017,62.25,0.0
20141117,13.15000000000002,77.25,4.8
20141118,17.450000000000017,50.0,0.0
20141119,16.550000000000026,55.75,0.0
20141120,15.950000000000017,68.0,0.0
20141121,16.77500000000002,71.25,0.0
20141122,17.725000000000037,79.75,0.0
20141123,17.775000000000034,86.5,0.0
20141124,18.200000000000017,86.25,0.0
20141125,17.950000000000017,86.0,0.0
20141126,15.325000000000031,91.5,4.0
20141127,16.82500000000003,82.25,0.0
20141128,18.100000000000023,86.0,3.0
20141129,17.700000000000017,87.25,1.6
20141130,18.37500000000003,91.25,0.0
20141201,15.750000000000014,82.5,0.2
20141202,14.700000000000031,80.25,2.4
20141203,15.125000000000028,75.25,0.0
20141204,15.175000000000026,78.25,0.1
20141205,14.02500000000002,85.5,1.7
20141206,14.625000000000014,57.5,-0.2
20141207,13.000000000000028,63.75,7.7
20141208,13.27500000000002,70.75,-0.1
20141209,12.166666666666686,56.333333333333336,0.0
20141210,12.200000000000031,54.25,0.0
20141211,12.325000000000017,55.5,0.0
20141212,12.100000000000023,68.25,0.0
20141213,13.02500000000002,73.0,0.0
20141214,14.15000000000002,71.5,0.0
20141215,14.725000000000009,84.5,3.6
20141216,10.950000000000031,91.25,22.200000000000003
20141217,13.92500000000004,78.0,0.0
20141218,14.475000000000009,74.5,0.0
20141219,13.90000000000002,76.5,-0.1
20141220,14.15000000000002,76.5,0.0
20141221,13.725000000000023,78.5,0.0
20141222,12.90000000000002,70.5,0.0
20141223,13.375000000000014,64.5,-0.1
20141224,14.333333333333371,58.666666666666664,0.0
20141225,14.50000000000002,60.333333333333336,0.0
20141226,11.65000000000002,54.25,0.0
20141227,9.600000000000003,63.0,-0.1
20141228,8.100000000000023,59.0,0.1
20141229,7.750000000000014,44.0,0.0
20141230,5.7333333333333485,58.333333333333336,0.2
20141231,4.950000000000031,54.25,0.0
20150101,9.425000000000026,50.25,0.0
20150102,11.725000000000009,63.0,0.0
20150103,12.050000000000011,75.25,0.0
20150104,14.200000000000017,72.25,0.0
20150105,10.65000000000002,59.0,0.0
20150106,11.475000000000023,62.25,0.0
20150107,10.800000000000031,73.0,0.0
20150108,11.233333333333348,69.0,0.0
20150109,11.90000000000002,73.5,-0.1
20150110,12.40000000000002,78.75,0.0
20150111,14.77500000000002,63.0,0.0
20150112,12.750000000000014,52.75,0.0
20150113,12.200000000000008,62.333333333333336,0.0
20150114,12.150000000000034,68.5,0.0
20150115,12.375000000000014,75.25,0.0
20150116,13.375000000000014,82.5,-0.2
20150117,13.175000000000026,47.5,0.0
20150118,10.65000000000002,53.25,0.0
20150119,10.425000000000011,59.75,0.0
20150120,9.90000000000002,77.5,1.7999999999999998
20150121,11.575000000000017,70.5,0.2
20150122,9.925000000000026,85.5,8.1
20150123,13.65000000000002,62.5,0.0
20150124,12.100000000000009,65.25,0.0
20150125,9.825000000000017,62.0,0.0
20150126,9.125000000000014,52.0,0.0
20150127,9.40000000000002,53.5,0.0
20150128,8.90000000000002,47.25,0.0
20150129,11.450000000000031,57.0,0.2
20150130,9.450000000000003,45.0,2.0
20150131,10.725000000000023,60.75,0.2
20150201,10.500000000000028,46.25,-0.1
20150202,10.475000000000023,42.75,0.0
20150203,9.625000000000014,66.25,4.2
20150204,9.625000000000014,81.75,1.4
20150205,10.000000000000028,72.75,0.2
20150206,6.350000000000023,88.5,9.9
20150207,8.400000000000006,78.75,-0.1
20150208,9.650000000000034,65.25,0.0
20150209,7.800000000000026,52.5,0.0
20150210,11.475000000000023,56.75,0.0
20150211,12.15000000000002,76.0,0.0
20150212,12.475000000000023,77.0,0.0
20150213,12.52500000000002,67.75,0.0
20150214,12.250000000000014,73.75,-0.2
20150215,11.675000000000026,76.75,-0.1
20150216,11.100000000000037,88.25,21.400000000000002
20150217,13.90000000000002,69.5,0.0
20150218,10.27500000000002,59.75,0.0
20150219,10.550000000000026,65.0,0.0
20150220,11.725000000000009,64.5,0.0
20150221,11.000000000000014,81.0,4.7
20150222,11.77500000000002,77.5,0.7
20150223,13.850000000000009,62.5,0.0
20150224,9.000000000000014,82.25,2.4
20150225,11.050000000000026,70.25,1.0
20150226,12.425000000000026,63.25,0.0
20150227,12.325000000000017,62.5,0.0
20150228,12.375000000000028,66.5,-0.1
20150301,12.125000000000028,69.0,0.0
20150302,21.325000000000045,42.5,0.0
20150303,16.000000000000014,63.0,0.0
20150304,14.020000000000028,83.6,6.0
20150305,10.750000000000014,37.5,-0.1
20150306,11.100000000000037,37.0,0.0
20150307,11.300000000000026,36.5,0.0
20150308,11.300000000000011,51.5,0.0
20150309,11.475000000000023,57.75,0.0
20150310,13.425000000000011,64.25,0.0
20150311,13.725000000000023,66.25,0.0
20150312,12.433333333333357,42.0,0.0
20150313,13.175000000000026,51.0,0.0
20150314,13.375000000000014,75.75,0.1
20150315,11.425000000000026,90.0,32.699999999999996
20150316,12.050000000000011,94.0,24.0
20150317,12.075000000000031,95.75,27.0
20150318,14.325000000000017,74.0,0.0
20150319,14.65000000000002,78.0,0.0
20150320,14.075000000000017,81.75,0.0
20150321,12.875000000000028,79.5,0.1
20150322,12.175000000000026,79.0,2.7
20150323,14.700000000000017,67.0,0.0
20150324,14.200000000000017,80.0,-0.1
20150325,12.725000000000023,94.25,21.400000000000002
20150326,14.050000000000011,82.25,0.1
20150327,16.350000000000023,58.75,0.0
20150328,15.700000000000017,61.5,0.0
20150329,15.175000000000026,72.0,0.0
20150330,17.200000000000017,67.75,0.0
20150331,17.700000000000017,71.75,0.0
20150401,18.40000000000002,39.25,0.0
20150402,16.200000000000017,65.0,0.4
20150403,15.550000000000026,70.25,-0.1
20150404,13.850000000000037,80.0,6.0
20150405,11.075000000000017,66.75,0.8
20150406,11.425000000000026,40.75,0.0
20150407,11.700000000000017,39.25,0.0
20150408,15.625000000000014,38.75,0.0
20150409,15.175000000000011,70.25,0.0
20150410,15.875000000000028,67.0,0.0
20150411,15.400000000000034,73.5,0.0
20150412,16.575000000000017,72.0,0.0
20150413,18.350000000000037,70.75,0.0
20150414,18.000000000000014,74.25,-0.1
20150415,17.50000000000003,78.5,0.0
20150416,16.175000000000026,83.0,-0.1
20150417,18.075000000000017,81.75,0.0
20150418,17.800000000000026,79.5,0.0
20150419,15.000000000000028,66.25,0.0
20150420,15.77500000000002,52.0,0.0
20150421,19.52500000000002,49.0,0.0
20150422,18.70000000000003,63.0,0.0
20150423,17.050000000000026,78.75,0.7000000000000001
20150424,18.425000000000026,73.5,0.0
20150425,18.30000000000004,79.25,0.0
20150426,17.37500000000003,86.75,0.2
20150427,18.52500000000002,76.75,-0.1
20150428,17.25000000000003,73.75,0.0
20150429,17.050000000000026,77.75,-0.1
20150430,18.125000000000014,73.25,0.0
20150501,18.77500000000002,72.0,0.0
20150502,20.300000000000026,75.0,0.0
20150503,18.77500000000002,82.5,0.0
20150504,19.800000000000026,80.25,0.0
20150505,20.775000000000034,76.75,0.0
20150506,20.20000000000003,84.0,0.0
20150507,21.700000000000017,70.5,0.0
20150508,20.62500000000003,72.75,0.0
20150509,20.92500000000001,73.25,0.0
20150510,25.150000000000034,51.5,0.0
20150511,23.52500000000002,57.75,0.0
20150512,24.57500000000003,52.25,0.0
20150513,23.67500000000004,51.25,0.0
20150514,21.12500000000003,76.5,0.0
20150515,21.77500000000002,44.25,0.0
20150516,20.27500000000002,56.5,0.0
20150517,25.550000000000026,51.75,0.0
20150518,25.475000000000023,52.75,0.0
20150519,21.675000000000026,69.0,0.0
20150520,21.200000000000017,69.75,0.0
20150521,16.366666666666674,53.666666666666664,0.30000000000000004
20150522,18.475000000000037,53.75,-0.2
20150523,17.775000000000034,69.25,2.2
20150524,20.100000000000023,58.0,0.2
20150525,22.350000000000023,52.5,0.0
20150526,20.60000000000001,67.0,0.0
20150527,21.750000000000014,53.5,0.0
20150528,22.07500000000003,50.25,0.0
20150529,21.95000000000003,64.0,0.0
20150530,22.125000000000014,62.5,0.0
20150531,23.050000000000026,61.25,0.0
20150601,22.900000000000034,72.0,0.0
20150602,23.90000000000002,67.5,0.0
20150603,24.20000000000003,67.0,0.0
20150604,25.625000000000014,64.75,0.0
20150605,28.57500000000003,49.25,0.0
20150606,28.375,53.5,0.0
20150607,29.600000000000023,45.75,0.0
20150608,28.625000000000014,52.75,0.0
20150609,25.750000000000043,72.0,-0.1
20150610,26.600000000000037,61.25,0.0
20150611,26.350000000000037,62.75,0.0
20150612,22.933333333333355,77.66666666666667,-0.2
20150613,26.150000000000034,59.25,0.0
20150614,24.600000000000023,70.5,0.5
20150615,23.77500000000002,73.75,4.6
20150616,22.45000000000003,78.75,9.8
20150617,25.200000000000017,54.75,0.0
20150618,25.600000000000023,53.25,0.0
20150619,25.20000000000003,60.25,0.0
20150620,24.70000000000003,68.5,12.4
20150621,25.450000000000017,55.75,0.0
20150622,25.825000000000017,64.75,0.0
20150623,27.625000000000014,60.25,0.0
20150624,26.025000000000006,52.75,0.0
20150625,25.633333333333365,36.0,0.0
20150626,26.466666666666697,52.0,0.0
20150627,25.92500000000001,62.5,0.0
20150628,27.20000000000003,63.0,0.0
20150629,27.825000000000017,59.25,0.0
20150630,28.62500000000003,57.5,0.0
20150701,28.950000000000017,59.0,0.0
20150702,29.850000000000023,52.25,0.0
20150703,31.075000000000017,51.25,0.0
20150704,31.425000000000026,52.75,0.0
20150705,31.05000000000001,50.5,0.0
20150706,30.27500000000002,63.75,0.0
20150707,30.32500000000003,66.5,0.0
20150708,29.550000000000026,67.5,0.0
20150709,30.700000000000017,54.5,0.0
20150710,29.87500000000003,45.25,0.0
20150711,30.700000000000017,46.25,0.0
20150712,29.62500000000003,59.25,0.0
20150713,28.42500000000001,67.5,0.0
20150714,29.825000000000017,61.5,0.0
20150715,29.925000000000026,61.75,0.0
20150716,29.67500000000004,70.75,0.0
20150717,29.80000000000001,69.75,0.0
20150718,31.225000000000037,57.0,0.0
20150719,31.525000000000034,60.0,-0.1
20150720,30.725000000000023,63.0,0.0
20150721,30.97500000000001,64.5,0.0
20150722,30.975000000000037,61.5,0.0
20150723,30.300000000000026,68.0,0.0
20150724,29.92500000000001,60.25,0.0
20150725,30.02500000000002,60.75,0.0
20150726,28.60000000000001,58.0,0.0
20150727,30.725000000000023,55.0,0.0
20150728,30.125000000000014,51.75,0.0
20150729,29.600000000000037,61.25,0.0
20150730,30.050000000000026,58.5,0.0
20150731,28.625000000000014,64.5,0.0
20150801,29.50000000000003,66.5,-0.1
20150802,27.62500000000003,62.25,0.0
20150803,29.52500000000002,53.75,0.0
20150804,30.350000000000023,47.25,0.0
20150805,29.07500000000003,67.5,0.0
20150806,31.60000000000001,47.0,0.0
20150807,32.250000000000014,45.75,0.0
20150808,32.35000000000001,52.0,0.0
20150809,29.225000000000023,61.0,-0.1
20150810,24.300000000000026,68.5,2.1
20150811,28.20000000000003,59.25,0.0
20150812,31.675000000000026,39.25,0.0
20150813,31.12500000000003,49.25,0.0
20150814,25.925000000000026,75.75,10.7
20150815,24.70000000000003,68.25,2.8000000000000003
20150816,24.225000000000023,64.5,1.2
20150817,26.550000000000026,47.0,0.0
20150818,23.90000000000002,70.25,6.7
20150819,25.450000000000017,59.5,0.0
20150820,26.425000000000026,57.75,0.0
20150821,26.57500000000003,57.25,0.0
20150822,26.100000000000037,55.5,0.0
20150823,26.275000000000034,73.0,-0.1
20150824,26.275000000000034,75.5,0.0
20150825,27.82500000000003,58.0,0.0
20150826,26.050000000000026,60.5,0.0
20150827,27.27500000000002,60.75,0.0
20150828,27.775000000000034,63.5,0.0
20150829,27.575000000000017,60.5,0.0
20150830,27.65000000000002,68.0,0.0
20150831,28.425000000000026,65.0,0.0
20150901,28.950000000000017,57.5,0.0
20150902,27.225000000000023,61.5,0.0
20150903,24.73333333333335,77.0,-0.2
20150904,25.775000000000034,62.0,-0.1
20150905,26.67500000000004,45.0,0.0
20150906,23.45000000000003,60.5,0.0
20150907,24.27500000000002,57.75,0.0
20150908,23.600000000000023,46.5,0.0
20150909,23.425000000000026,44.5,0.0
20150910,22.750000000000014,52.75,0.0
20150911,23.70000000000003,58.0,0.0
20150912,25.075000000000017,68.25,0.0
20150913,24.32500000000003,84.5,1.2000000000000002
20150914,26.17500000000001,73.75,0.0
20150915,24.90000000000002,69.5,0.0
20150916,25.70000000000003,72.5,0.0
20150917,26.15000000000002,79.5,0.0
20150918,25.550000000000026,53.0,0.0
20150919,22.925000000000026,72.25,0.0
20150920,23.45000000000003,53.0,0.1
20150921,24.22500000000001,53.0,0.0
20150922,22.675000000000026,69.25,0.0
20150923,21.750000000000014,42.25,0.0
20150924,20.550000000000026,52.0,0.30000000000000004
20150925,23.450000000000017,50.75,0.0
20150926,22.700000000000017,52.25,0.0
20150927,22.150000000000034,52.25,0.0
20150928,21.425000000000026,51.25,0.0
20150929,20.77500000000002,51.75,0.0
20150930,18.900000000000006,62.25,0.6
20151001,15.900000000000034,93.5,52.400000000000006
20151002,18.55000000000001,85.5,21.0
20151003,19.80000000000001,77.25,0.0
20151004,22.40000000000002,72.5,0.0
20151005,22.450000000000017,81.0,0.0
20151006,22.27500000000002,80.75,0.1
20151007,22.250000000000014,71.5,0.0
20151008,20.800000000000026,72.5,-0.2
20151009,20.250000000000043,76.75,0.0
20151010,16.475000000000023,88.75,18.2
20151011,20.100000000000023,69.25,0.0
20151012,19.30000000000001,78.25,-0.1
20151013,20.67500000000004,76.0,-0.1
20151014,18.77500000000002,87.75,1.8
20151015,18.950000000000017,36.75,0.0
20151016,17.37500000000003,50.5,0.0
20151017,16.925000000000026,62.75,0.0
20151018,19.40000000000002,78.0,-0.1
20151019,18.900000000000034,75.75,0.0
20151020,17.62500000000003,66.5,0.0
20151021,16.62500000000003,58.0,0.0
20151022,16.92500000000004,56.0,0.0
20151023,18.25000000000003,54.25,0.0
20151024,17.92500000000001,65.25,-0.1
20151025,17.550000000000026,69.5,-0.1
20151026,17.15000000000002,87.5,0.30000000000000004
20151027,18.000000000000014,95.5,26.099999999999998
20151028,19.15000000000002,89.5,0.8
20151029,15.77500000000002,79.75,2.4
20151030,18.12500000000003,67.5,0.0
20151031,17.850000000000023,65.75,0.0
20151101,16.375000000000043,69.0,0.0
20151102,16.675000000000026,76.5,-0.1
20151103,17.57500000000003,87.0,0.8
20151104,17.725000000000023,88.5,3.8
20151105,17.950000000000017,85.25,0.1
20151106,17.975000000000023,80.75,-0.1
20151107,17.52500000000002,85.0,0.0
20151108,17.65000000000002,81.75,-0.1
20151109,17.475000000000023,78.0,0.0
20151110,17.975000000000037,76.0,-0.1
20151111,17.50000000000003,75.75,-0.1
20151112,18.225000000000037,69.25,-0.1
20151113,17.15000000000002,70.0,-0.1
20151114,17.55000000000001,66.75,-0.1
20151115,16.150000000000006,78.25,-0.1
20151116,16.925000000000026,80.0,-0.1
20151117,16.75000000000003,74.0,-0.1
20151118,16.850000000000023,79.0,-0.1
20151119,16.725000000000037,77.0,0.0
20151120,16.15000000000002,73.25,-0.1
20151121,16.15000000000002,49.25,1.2000000000000002
20151122,10.500000000000014,69.0,0.8
20151123,11.250000000000014,62.75,0.0
20151124,10.200000000000031,84.25,1.6999999999999997
20151125,11.075000000000017,73.0,-0.2
20151126,11.52500000000002,48.5,0.0
20151127,11.025000000000034,61.5,0.0
20151128,11.600000000000023,69.25,0.0
20151129,12.500000000000014,70.25,-0.1
20151130,12.825000000000031,77.75,-0.1
20151201,12.900000000000034,79.0,0.0
20151202,13.925000000000011,76.25,-0.1
20151203,13.92500000000004,70.5,-0.1
20151204,13.725000000000023,69.0,-0.2
20151205,14.300000000000026,69.75,-0.2
20151206,14.575000000000017,74.75,0.0
20151207,12.766666666666671,90.33333333333333,-0.2
20151208,14.225000000000023,76.75,0.0
20151209,13.27500000000002,79.25,0.0
20151210,12.77500000000002,67.75,0.0
20151211,12.200000000000031,56.5,0.0
20151212,11.925000000000011,68.75,0.0
20151213,11.325000000000031,73.75,0.0
20151214,12.375000000000014,78.5,0.0
20151215,13.125000000000028,68.0,0.0
20151216,12.575000000000017,73.5,0.0
20151217,13.350000000000009,76.75,0.0
20151218,13.900000000000034,76.25,0.0
20151219,13.950000000000017,78.25,0.0
20151220,13.850000000000023,81.5,0.0
20151221,13.175000000000011,75.5,0.0
20151222,13.750000000000028,78.0,0.0
20151223,12.975000000000009,80.25,0.0
20151224,12.950000000000017,78.75,0.0
20151225,12.725000000000023,81.75,0.0
20151226,13.225000000000009,81.0,0.0
20151227,13.025000000000006,73.75,0.0
20151228,12.425000000000026,73.0,0.0
20151229,11.800000000000026,72.75,0.0
20151230,13.225000000000023,79.25,-0.1
20151231,11.52500000000002,74.25,0.0
20160101,11.800000000000026,86.0,1.0
20160102,13.15000000000002,90.25,0.29999999999999993
20160103,14.375000000000028,48.25,0.0
20160104,16.575000000000017,40.0,-0.1
20160105,13.050000000000026,75.0,-0.1
20160106,12.475000000000009,56.75,0.0
20160107,12.125000000000028,67.25,0.5
20160108,14.925000000000026,83.25,0.0
20160109,13.400000000000034,91.0,0.0
20160110,14.750000000000014,80.5,0.0
20160111,17.725000000000023,54.0,-0.1
20160112,15.175000000000011,35.5,0.0
20160113,12.250000000000014,35.25,0.0
20160114,11.175000000000026,71.5,0.0
20160115,10.075000000000017,47.75,0.0
20160116,9.350000000000023,41.25,0.0
20160117,8.625000000000028,28.25,0.0
20160118,7.200000000000017,53.0,0.0
20160119,7.325000000000031,73.5,0.0
20160120,8.675000000000026,79.75,0.0
20160121,11.250000000000028,78.25,2.2
20160122,11.100000000000023,82.0,0.9
20160123,11.600000000000023,70.0,0.0
20160124,11.40000000000002,76.25,0.0
20160125,11.550000000000011,69.25,0.0
20160126,14.275000000000034,70.0,0.0
20160127,13.725000000000009,79.0,0.0
20160128,13.100000000000023,83.0,0.0
20160129,13.133333333333345,76.66666666666667,0.0
20160130,12.050000000000026,84.0,0.0
20160131,14.875000000000014,74.5,0.0
20160201,14.27500000000002,81.75,0.0
20160202,13.725000000000023,87.5,0.2
20160203,12.625000000000028,80.5,0.0
20160204,12.825000000000031,33.75,0.0
20160205,12.075000000000017,69.0,0.0
20160206,13.450000000000017,74.0,0.0
20160207,14.200000000000017,84.0,0.4
20160208,13.950000000000031,77.0,0.0
20160209,13.625000000000028,76.5,0.0
20160210,14.200000000000017,21.25,0.0
20160211,12.333333333333352,52.0,0.0
20160212,11.825000000000031,75.25,0.1
20160213,14.000000000000028,74.5,0.2
20160214,16.15000000000002,72.25,1.7
20160215,10.050000000000011,85.75,29.9
20160216,13.625000000000014,82.0,-0.2
20160217,11.475000000000023,81.25,-0.1
20160218,12.375000000000028,58.0,0.0
20160219,12.450000000000031,58.5,0.0
20160220,12.925000000000026,49.75,0.0
20160221,13.225000000000023,73.0,0.0
20160222,14.325000000000017,82.25,0.2
20160223,14.67500000000004,79.25,0.0
20160224,14.40000000000002,76.5,0.0
20160225,11.450000000000017,84.0,1.0
20160226,13.52500000000002,77.25,0.0
20160227,12.875000000000014,88.5,17.9
20160228,9.666666666666686,95.66666666666667,38.0
20160229,10.725000000000023,88.75,2.8000000000000003
20160301,14.500000000000014,59.25,0.2
20160302,14.450000000000017,68.0,0.0
20160303,13.850000000000023,41.0,-0.1
20160304,12.950000000000031,43.0,0.0
20160305,13.050000000000026,71.5,2.1
20160306,11.825000000000017,56.75,0.0
20160307,10.400000000000034,54.5,0.0
20160308,10.050000000000026,57.5,-0.1
20160309,8.625000000000014,77.0,4.7
20160310,11.475000000000023,69.5,-0.1
20160311,12.625000000000014,68.75,0.5
20160312,14.300000000000026,62.0,0.0
20160313,13.100000000000023,59.5,0.0
20160314,12.400000000000034,64.25,0.0
20160315,12.200000000000017,60.5,0.0
20160316,13.575000000000031,67.0,-0.1
20160317,13.200000000000017,71.5,0.0
20160318,13.575000000000017,68.75,0.0
20160319,14.300000000000011,74.0,0.0
20160320,14.200000000000031,79.75,0.0
20160321,14.175000000000026,83.25,0.8
20160322,16.200000000000017,70.25,0.0
20160323,13.500000000000028,53.75,0.0
20160324,14.050000000000011,44.25,0.0
20160325,14.125000000000028,65.0,0.0
20160326,15.375000000000014,68.25,0.0
20160327,14.250000000000028,78.75,0.0
20160328,16.100000000000023,75.75,0.0
20160329,16.275000000000034,78.75,0.0
20160330,15.67500000000004,79.25,0.0
20160331,15.625000000000028,86.5,0.0
20160401,16.05000000000004,89.5,-0.1
20160402,17.77500000000002,70.25,-0.1
20160403,17.65000000000002,74.75,-0.1
20160404,17.075000000000017,82.5,-0.1
20160405,16.675000000000026,83.75,0.1
20160406,19.77500000000002,61.25,-0.1
20160407,19.100000000000037,67.0,-0.1
20160408,17.20000000000003,75.0,-0.1
20160409,11.175000000000011,80.75,19.7
20160410,15.5666666666667,62.333333333333336,0.0
20160411,16.700000000000017,77.0,0.0
20160412,17.575000000000003,79.25,0.0
20160413,17.975000000000023,78.5,0.0
20160414,18.50000000000003,63.75,0.0
20160415,18.550000000000026,66.75,0.0
20160416,17.725000000000037,79.25,0.0
20160417,17.925000000000026,82.25,0.0
20160418,18.950000000000017,71.75,0.0
20160419,17.975000000000023,49.5,0.0
20160420,20.125000000000014,52.75,0.0
20160421,17.725000000000023,76.25,0.0
20160422,16.875000000000014,83.25,1.2999999999999998
20160423,17.900000000000034,69.0,-0.1
20160424,18.825000000000017,57.25,0.0
20160425,15.550000000000026,40.0,0.0
20160426,17.27500000000002,50.75,0.0
20160427,19.32500000000003,52.0,0.0
20160428,15.550000000000026,73.5,0.5
20160429,18.20000000000003,59.0,0.0
20160430,16.07500000000003,73.25,2.8
20160501,14.100000000000023,74.25,12.8
20160502,15.800000000000026,69.0,6.4
20160503,21.550000000000026,45.25,0.0
20160504,20.750000000000014,47.75,0.0
20160505,19.450000000000017,57.25,0.0
20160506,18.77500000000002,62.5,0.0
20160507,18.575000000000017,65.5,0.0
20160508,17.775000000000034,75.25,0.0
20160509,18.75000000000003,81.0,-0.2
20160510,19.550000000000026,80.75,0.0
20160511,18.52500000000002,85.75,3.0
20160512,19.075000000000017,75.0,0.1
20160513,22.300000000000026,45.75,0.0
20160514,20.20000000000003,67.75,0.0
20160515,19.23333333333335,77.0,9.3
20160516,17.80000000000001,79.25,5.7
20160517,18.050000000000026,76.25,3.8
20160518,18.750000000000014,70.25,0.0
20160519,20.27500000000002,55.25,0.1
20160520,23.20000000000003,39.0,0.0
20160521,23.75000000000003,38.0,0.0
20160522,22.450000000000017,53.5,0.0
20160523,21.37500000000003,28.25,0.0
20160524,21.975000000000023,44.5,0.0
20160525,19.775000000000034,62.25,0.0
20160526,20.625000000000014,69.5,0.0
20160527,22.12500000000003,65.5,0.0
20160528,23.325000000000003,57.5,0.0
20160529,21.675000000000026,70.5,0.8
20160530,22.76666666666669,59.0,0.0
20160531,21.333333333333353,64.33333333333333,-0.1
20160601,18.50000000000003,81.0,1.9999999999999998
20160602,19.95000000000003,72.5,0.6000000000000001
20160603,20.825000000000003,72.0,0.5
20160604,22.17500000000001,69.0,0.0
20160605,22.975000000000023,62.0,0.0
20160606,22.92500000000001,68.0,0.0
20160607,24.10000000000001,62.5,0.0
20160608,23.850000000000023,67.75,0.0
20160609,23.65000000000002,68.25,0.0
20160610,24.27500000000002,63.0,0.0
20160611,23.82500000000003,71.5,-0.1
20160612,25.050000000000026,58.25,-0.1
20160613,23.725000000000037,67.25,0.0
20160614,25.42500000000001,52.5,0.0
20160615,24.275000000000006,55.0,0.0
20160616,25.325000000000017,65.0,0.0
20160617,24.57500000000003,49.0,0.0
20160618,22.20000000000003,64.75,0.8
20160619,21.92500000000004,54.75,0.0
20160620,25.20000000000003,44.5,0.0
20160621,24.925000000000026,52.0,0.0
20160622,27.825000000000017,43.75,0.0
20160623,30.00000000000003,47.75,0.0
20160624,31.20000000000003,47.0,0.0
20160625,27.225000000000037,61.0,0.0
20160626,28.55000000000001,58.75,0.0
20160627,26.32500000000003,58.75,0.0
20160628,25.900000000000034,64.0,0.0
20160629,25.700000000000017,62.0,0.0
20160630,26.92500000000001,68.0,-0.1
20160701,26.62500000000003,70.75,0.0
20160702,27.40000000000002,66.0,0.0
20160703,28.50000000000003,56.0,0.0
20160704,27.500000000000014,63.5,0.0
20160705,29.075000000000017,56.25,0.0
20160706,28.700000000000017,62.25,0.0
20160707,29.120000000000015,55.4,0.0
20160708,28.775000000000034,61.75,0.0
20160709,28.550000000000026,65.25,0.0
20160710,29.500000000000014,59.75,0.0
20160711,29.875000000000014,53.5,0.0
20160712,28.975000000000023,68.0,0.0
20160713,28.90000000000002,55.0,0.0
20160714,26.15000000000002,31.75,0.0
20160715,24.65000000000002,41.0,-0.1
20160716,26.400000000000034,39.5,0.0
20160717,26.52500000000002,48.25,0.0
20160718,26.925000000000026,54.25,0.0
20160719,27.27500000000002,59.75,0.0
20160720,28.050000000000026,59.25,0.0
20160721,27.750000000000043,56.5,0.0
20160722,27.400000000000034,61.5,0.0
20160723,27.70000000000003,71.5,-0.1
20160724,26.925000000000026,73.5,0.0
20160725,28.62500000000003,55.75,0.0
20160726,28.700000000000017,62.0,0.0
20160727,28.12500000000003,69.0,0.6
20160728,28.050000000000026,64.75,0.0
20160729,27.975000000000023,68.5,0.0
20160730,28.65000000000002,64.0,0.0
20160731,28.22500000000001,68.25,0.0
20160801,28.80000000000001,60.5,0.0
20160802,28.27500000000002,61.75,0.0
20160803,28.600000000000023,62.25,0.0
20160804,28.42500000000001,68.0,0.0
20160805,28.275000000000034,53.0,0.0
20160806,27.550000000000026,42.75,0.0
20160807,28.95000000000003,38.5,0.0
20160808,29.25000000000003,34.5,0.0
20160809,28.77500000000002,44.0,0.0
20160810,27.02500000000002,57.25,0.0
20160811,25.550000000000026,49.25,0.0
20160812,26.00000000000003,39.0,0.0
20160813,28.325000000000017,38.25,0.0
20160814,27.90000000000002,59.75,0.0
20160815,28.000000000000014,58.5,0.0
20160816,28.400000000000006,48.5,0.0
20160817,26.950000000000017,58.75,0.0
20160818,27.225000000000023,61.25,0.0
20160819,27.425000000000026,68.0,0.0
20160820,27.750000000000014,68.5,0.0
20160821,27.75000000000003,64.0,0.0
20160822,28.050000000000026,42.0,0.0
20160823,28.175000000000026,36.75,0.0
20160824,28.95000000000003,38.25,0.0
20160825,28.26666666666669,48.0,0.0
20160826,27.450000000000017,50.25,0.0
20160827,28.27500000000002,50.5,0.0
20160828,27.45000000000003,61.0,0.0
20160829,26.850000000000023,68.5,0.0
20160830,25.225000000000023,74.25,0.9
20160831,26.375000000000014,66.5,0.2
20160901,27.425000000000026,62.5,0.0
20160902,27.800000000000026,59.25,0.0
20160903,27.475000000000023,68.5,0.0
20160904,27.225000000000023,71.5,0.0
20160905,27.50000000000003,67.25,0.0
20160906,27.62500000000003,34.75,0.0
20160907,24.550000000000026,53.25,-0.1
20160908,26.425000000000026,51.0,0.0
20160909,28.75000000000003,43.0,0.0
20160910,29.125000000000014,40.75,0.0
20160911,29.12500000000003,46.25,0.0
20160912,27.57500000000003,53.0,0.0
20160913,26.82500000000003,59.25,0.0
20160914,26.050000000000026,67.75,0.0
20160915,24.375000000000014,74.25,2.0
20160916,22.00000000000003,67.5,0.0
20160917,24.666666666666686,50.333333333333336,0.0
20160918,20.500000000000018,67.0,0.8
20160919,25.200000000000017,44.0,0.0
20160920,25.133333333333365,58.666666666666664,0.0
20160921,23.700000000000045,67.5,-0.1
20160922,22.65000000000002,63.0,0.0
20160923,23.27500000000002,64.5,0.0
20160924,22.45000000000003,68.5,0.0
20160925,22.825000000000017,54.0,0.0
20160926,23.000000000000018,67.33333333333333,0.0
20160927,22.450000000000003,58.25,0.0
20160928,23.075000000000017,49.0,0.0
20160929,23.40000000000002,55.25,0.0
20160930,22.175000000000026,61.5,0.0
20161001,21.62500000000003,81.5,-0.1
20161002,23.50000000000003,68.5,0.0
20161003,24.050000000000026,60.5,0.0
20161004,21.700000000000017,54.0,0.0
20161005,21.225000000000023,51.0,0.0
20161006,19.850000000000023,76.0,6.5
20161007,18.82500000000003,65.0,-0.1
20161008,20.97500000000001,62.75,0.0
20161009,19.32500000000003,71.5,5.5
20161010,17.90000000000002,65.5,-0.2
20161011,12.550000000000011,85.25,10.5
20161012,15.700000000000017,62.75,0.0
20161013,16.15000000000002,83.25,4.1
20161014,18.45000000000003,91.25,26.9
20161015,20.250000000000014,79.25,0.7000000000000001
20161016,19.52500000000002,67.0,0.0
20161017,19.325000000000017,72.75,0.0
20161018,18.40000000000002,80.5,0.1
20161019,19.050000000000026,75.25,0.0
20161020,18.70000000000003,67.25,0.0
20161021,17.050000000000026,62.25,0.0
20161022,17.300000000000026,69.25,0.0
20161023,19.52500000000002,83.25,0.0
20161024,21.300000000000026,87.75,0.0
20161025,21.200000000000017,89.0,0.0
20161026,20.450000000000017,91.0,0.0
20161027,19.650000000000034,62.75,0.0
20161028,17.75000000000003,60.5,0.0
20161029,17.975000000000023,66.0,0.0
20161030,18.950000000000017,69.75,0.0
20161031,18.87500000000003,75.0,0.0
20161101,19.433333333333337,69.66666666666667,0.0
20161102,19.366666666666692,71.0,0.0
20161103,18.200000000000006,81.33333333333333,0.0
20161104,17.866666666666692,81.0,0.0
20161105,19.87500000000003,70.5,0.6000000000000001
20161106,18.425000000000026,64.25,0.0
20161107,14.450000000000017,63.5,0.0
20161108,14.000000000000037,52.333333333333336,0.0
20161109,13.200000000000017,62.25,2.4000000000000004
20161110,14.800000000000026,58.5,0.0
20161111,16.400000000000034,46.75,1.6
20161112,14.200000000000017,49.25,0.0
20161113,13.275000000000034,70.25,0.0
20161114,13.350000000000009,83.5,3.9
20161115,12.250000000000028,72.25,0.0
20161116,13.02500000000002,74.75,0.0
20161117,15.300000000000026,84.25,0.0
20161118,15.925000000000026,85.25,0.0
20161119,16.175000000000026,85.0,2.0
20161120,15.900000000000034,83.25,0.0
20161121,16.52500000000002,86.5,2.0
20161122,18.00000000000003,89.5,0.9
20161123,18.000000000000014,89.0,0.0
20161124,17.02500000000002,91.25,26.900000000000002
20161125,14.975000000000023,81.0,4.8
20161126,14.675000000000026,74.0,0.0
20161127,13.77500000000002,74.75,0.0
20161128,13.325000000000017,76.75,0.4
20161129,8.500000000000028,49.5,0.0
20161130,9.975000000000037,59.25,0.0
20161201,11.350000000000023,57.25,0.0
20161202,11.725000000000009,64.5,0.0
20161203,12.650000000000034,73.0,0.0
20161204,12.875000000000014,84.5,2.0
20161205,15.225000000000009,85.0,0.4
20161206,14.125000000000028,83.25,1.6
20161207,13.275000000000034,77.75,0.0
20161208,12.625000000000014,74.0,0.0
20161209,13.05000000000004,69.5,0.0
20161210,13.900000000000006,69.75,0.0
20161211,15.075000000000017,76.0,0.0
20161212,13.325000000000017,77.5,0.0
20161213,12.550000000000011,71.5,0.0
20161214,12.950000000000017,59.75,0.0
20161215,12.700000000000017,74.5,0.0
20161216,10.025000000000006,84.0,0.6000000000000001
20161217,9.175000000000026,69.0,0.0
20161218,10.050000000000011,66.0,0.0
20161219,9.950000000000017,89.0,17.1
20161220,12.100000000000009,87.0,20.400000000000002
20161221,14.050000000000026,83.25,0.0
20161222,13.325000000000017,82.5,0.0
20161223,13.27500000000002,69.5,0.0
20161224,12.875000000000014,75.0,0.0
20161225,11.125000000000014,73.75,0.0
20161226,13.000000000000028,71.5,0.0
20161227,14.000000000000014,75.25,0.0
20161228,13.150000000000034,57.5,0.0
20161229,9.450000000000031,63.5,0.0
20161230,8.725000000000023,60.75,0.0
20161231,10.050000000000026,53.5,0.0
20170101,11.125000000000028,61.75,0.0
20170102,12.675000000000011,64.5,0.0
20170103,12.025000000000006,67.5,0.4
20170104,9.90000000000002,64.75,0.2
20170105,9.900000000000034,31.5,0.0
20170106,5.15000000000002,52.5,0.0
20170107,5.525000000000034,62.25,0.0
20170108,9.825000000000017,68.5,0.30000000000000004
20170109,7.900000000000034,70.25,0.0
20170110,6.650000000000034,81.75,5.6000000000000005
20170111,5.875000000000028,68.25,0.0
20170112,10.500000000000014,70.25,0.0
20170113,10.000000000000028,45.75,0.2
20170114,10.275000000000034,44.5,0.0
20170115,8.200000000000017,58.5,-0.1
20170116,5.65000000000002,58.0,0.1
20170117,6.050000000000026,57.0,-0.1
20170118,7.025000000000034,61.5,0.8
20170119,8.200000000000017,60.75,0.0
20170120,8.675000000000011,69.75,0.0
20170121,10.850000000000023,68.0,0.0
20170122,10.42500000000004,82.75,20.4
20170123,10.100000000000023,88.5,0.9
20170124,11.225000000000009,78.5,-0.1
20170125,10.225000000000037,65.25,0.0
20170126,10.475000000000023,79.75,0.0
20170127,11.800000000000026,83.5,7.5
20170128,10.950000000000017,88.25,11.8
20170129,11.325000000000003,81.75,0.0
20170130,11.65000000000002,76.75,0.0
20170131,12.325000000000031,79.25,0.0
20170201,12.925000000000026,76.0,0.0
20170202,12.225000000000023,86.75,0.1
20170203,13.700000000000031,76.75,0.0
20170204,15.350000000000023,51.75,-0.1
20170205,13.325000000000017,81.5,6.7
20170206,12.200000000000017,69.0,0.0
20170207,12.850000000000023,62.5,0.0
20170208,11.000000000000043,86.5,29.699999999999996
20170209,11.050000000000026,87.0,41.3
20170210,11.325000000000031,73.0,0.0
20170211,11.625000000000028,79.25,0.0
20170212,14.025000000000034,83.25,-0.1
20170213,13.900000000000034,83.75,0.2
20170214,13.225000000000023,81.25,0.0
20170215,13.075000000000031,82.25,0.0
20170216,13.700000000000017,74.5,0.0
20170217,13.500000000000014,74.25,0.0
20170218,11.775000000000034,69.5,1.0
20170219,12.125000000000014,55.75,0.0
20170220,12.800000000000026,66.25,0.0
20170221,12.775000000000034,66.75,0.0
20170222,13.750000000000028,69.75,0.0
20170223,14.200000000000017,70.75,0.0
20170224,13.825000000000017,87.5,6.3999999999999995
20170225,12.100000000000023,56.5,0.0
20170226,13.075000000000031,53.25,0.0
20170227,13.475000000000023,64.0,0.0
20170228,13.950000000000017,71.25,0.0
20170301,14.750000000000028,44.25,0.0
20170302,14.700000000000017,72.5,0.0
20170303,14.500000000000028,74.5,0.0
20170304,14.52500000000002,62.25,3.6999999999999997
20170305,13.575000000000017,59.25,0.0
20170306,17.73333333333335,42.333333333333336,-0.1
20170307,15.77500000000002,32.75,0.0
20170308,14.975000000000023,39.5,0.0
20170309,14.875000000000014,53.75,0.0
20170310,17.25000000000003,57.75,0.0
20170311,14.65000000000002,43.5,0.0
20170312,14.625000000000014,57.5,0.0
20170313,14.075000000000031,72.25,0.0
20170314,14.475000000000023,55.0,0.0
20170315,16.025000000000006,60.25,0.0
20170316,16.625000000000043,44.25,0.0
20170317,16.00000000000003,68.5,0.0
20170318,15.000000000000014,73.0,0.0
20170319,15.666666666666686,75.66666666666667,0.0
20170320,15.65000000000002,79.0,0.0
20170321,15.27500000000002,82.75,0.2
20170322,15.450000000000031,80.75,-0.1
20170323,16.35000000000001,81.0,0.0
20170324,15.800000000000026,85.25,0.2
20170325,15.000000000000014,80.0,12.200000000000001
20170326,15.000000000000028,67.0,0.0
20170327,13.77500000000002,48.0,0.0
20170328,15.225000000000023,39.5,0.0
20170329,16.85000000000001,56.75,0.0
20170330,18.15000000000002,63.25,0.0
20170331,15.975000000000023,82.75,0.0
20170401,16.00000000000003,81.0,-0.1
20170402,13.625000000000014,85.5,10.2
20170403,17.77500000000002,59.5,0.8
20170404,19.32500000000003,64.25,0.0
20170405,16.30000000000001,80.75,0.0
20170406,16.350000000000023,76.5,0.0
20170407,17.57500000000003,63.75,0.0
20170408,18.250000000000014,62.25,0.0
20170409,18.925000000000026,61.75,0.0
20170410,20.100000000000037,60.0,0.0
20170411,17.425000000000026,76.75,0.0
20170412,19.22500000000001,69.75,0.0
20170413,18.22500000000001,73.25,0.0
20170414,18.775000000000034,68.75,0.2
20170415,19.02500000000002,69.0,0.0
20170416,20.500000000000043,62.75,0.0
20170417,18.850000000000023,62.25,0.0
20170418,17.350000000000037,64.75,0.0
20170419,14.675000000000011,31.5,0.0
20170420,13.950000000000031,35.5,0.0
20170421,15.350000000000023,44.5,0.0
20170422,17.25000000000003,40.25,0.0
20170423,17.25000000000003,55.25,0.0
20170424,17.300000000000026,67.0,0.0
20170425,17.87500000000003,71.75,0.0
20170426,18.75000000000003,74.75,-0.1
20170427,16.17500000000001,81.75,3.2
20170428,16.90000000000002,37.0,0.0
20170429,17.32500000000003,41.75,0.0
20170430,17.450000000000017,42.25,0.0
20170501,17.90000000000002,56.5,-0.1
20170502,17.75000000000003,53.0,0.0
20170503,17.425000000000026,59.5,0.0
20170504,17.27500000000002,70.5,2.6
20170505,19.02500000000002,70.75,0.0
20170506,18.550000000000026,73.5,-0.30000000000000004
20170507,20.250000000000014,52.0,0.0
20170508,19.475000000000023,57.75,0.0
20170509,19.32500000000003,65.75,0.0
20170510,18.62500000000003,72.5,0.0
20170511,19.07500000000003,77.25,0.0
20170512,19.50000000000003,78.75,-0.1
20170513,21.100000000000023,69.75,0.0
20170514,21.166666666666686,67.0,0.0
20170515,21.15000000000002,68.0,0.0
20170516,24.82500000000003,42.5,0.0
20170517,25.000000000000014,39.5,0.0
20170518,22.466666666666697,60.0,0.0
20170519,21.475000000000023,68.0,1.0999999999999999
20170520,22.200000000000017,39.25,0.0
20170521,23.32500000000003,45.0,0.0
20170522,22.32500000000003,54.25,0.0
20170523,23.675000000000026,51.0,0.0
20170524,22.366666666666692,67.66666666666667,0.0
20170525,22.77500000000002,68.75,0.0
20170526,24.425000000000026,38.0,0.0
20170527,26.075000000000045,32.25,0.0
20170528,26.80000000000001,35.25,0.0
20170529,25.30000000000001,54.75,0.0
20170530,25.05000000000001,58.5,0.0
20170531,23.52500000000002,68.25,0.0
20170601,22.65000000000002,72.5,0.0
20170602,23.15000000000002,70.0,0.0
20170603,25.175000000000026,58.0,0.0
20170604,25.40000000000002,49.25,0.0
20170605,24.37500000000003,69.5,0.0
20170606,23.450000000000017,70.5,17.7
20170607,25.175000000000026,39.75,0.0
20170608,24.50000000000003,58.0,0.0
20170609,25.82500000000003,51.5,0.0
20170610,25.600000000000023,57.75,0.0
20170611,27.80000000000001,40.75,0.0
20170612,27.45000000000003,49.25,0.0
20170613,26.925000000000026,58.0,0.0
20170614,26.75000000000003,68.0,0.0
20170615,27.47500000000001,64.25,0.0
20170616,28.100000000000037,62.75,0.0
20170617,29.225000000000023,62.25,0.0
20170618,27.850000000000023,44.5,0.0
20170619,28.150000000000034,42.0,0.0
20170620,27.80000000000001,51.5,0.0
20170621,27.400000000000034,61.25,0.0
20170622,28.300000000000026,54.75,0.0
20170623,28.675000000000026,53.75,0.0
20170624,28.42500000000001,60.0,0.0
20170625,28.400000000000034,67.25,0.0
20170626,28.000000000000014,70.25,-0.1
20170627,29.375000000000014,62.5,0.0
20170628,28.700000000000017,58.0,0.0
20170629,27.90000000000002,40.5,0.0
20170630,23.275000000000034,58.25,1.0
20170701,24.625000000000014,51.75,0.0
20170702,24.750000000000014,54.25,0.0
20170703,27.47500000000001,48.5,0.0
20170704,27.375000000000014,55.25,0.0
20170705,28.30000000000001,56.0,0.0
20170706,29.666666666666686,47.333333333333336,0.0
20170707,29.675000000000026,51.5,0.0
20170708,30.55000000000001,39.25,0.0
20170709,27.600000000000023,73.75,0.0
20170710,28.000000000000014,68.5,0.0
20170711,28.82500000000003,64.0,0.0
20170712,29.30000000000001,60.0,0.0
20170713,29.65000000000002,62.25,0.0
20170714,28.55000000000004,66.0,0.0
20170715,29.32500000000003,55.5,0.0
20170716,28.250000000000014,36.25,0.0
20170717,27.82500000000003,35.0,0.0
20170718,28.25000000000003,50.5,0.0
20170719,27.600000000000023,60.75,0.0
20170720,27.175000000000026,67.5,0.0
20170721,27.17500000000004,74.0,0.0
20170722,28.600000000000023,67.0,0.0
20170723,28.550000000000026,69.0,0.0
20170724,29.65000000000002,50.25,0.0
20170725,28.82500000000003,46.25,0.0
20170726,27.250000000000014,56.5,0.0
20170727,27.975000000000023,57.0,0.0
20170728,28.225000000000023,63.0,0.0
20170729,28.050000000000026,66.0,0.0
20170730,28.175000000000026,69.25,0.0
20170731,28.90000000000002,66.25,0.0
20170801,31.475000000000023,49.25,0.0
20170802,31.950000000000045,46.75,0.0
20170803,31.875000000000043,52.75,0.0
20170804,32.72500000000001,40.5,0.0
20170805,31.00000000000003,56.75,0.0
20170806,31.45000000000003,63.5,0.0
20170807,30.00000000000003,66.25,0.0
20170808,29.67500000000001,67.75,0.2
20170809,29.750000000000043,63.25,0.0
20170810,29.37500000000003,47.0,-0.1
20170811,27.15000000000002,32.25,0.0
20170812,27.72500000000001,30.25,0.0
20170813,27.37500000000003,46.0,0.0
20170814,28.450000000000017,44.25,0.0
20170815,28.725000000000023,46.5,0.0
20170816,28.45000000000003,47.25,0.0
20170817,29.225000000000023,48.5,0.0
20170818,29.550000000000026,55.25,0.0
20170819,27.62500000000003,72.0,0.0
20170820,28.05000000000001,53.5,0.0
20170821,27.96666666666668,41.0,0.0
20170822,27.10000000000001,36.0,0.0
20170823,27.475000000000023,49.0,0.0
20170824,27.175000000000026,67.0,0.0
20170825,27.32500000000003,71.25,0.0
20170826,28.15000000000002,68.25,0.0
20170827,29.42500000000001,52.0,0.0
20170828,30.300000000000026,46.25,0.0
20170829,29.700000000000028,48.666666666666664,0.0
20170830,28.950000000000017,58.25,0.0
20170831,27.450000000000017,74.5,1.7
20170901,27.350000000000023,61.5,0.0
20170902,26.850000000000023,26.75,0.0
20170903,24.57500000000003,45.0,0.0
20170904,24.50000000000003,56.25,0.0
20170905,25.125000000000014,56.75,0.0
20170906,25.225000000000023,67.75,0.0
20170907,25.000000000000014,69.0,0.0
20170908,24.200000000000017,67.25,0.2
20170909,24.500000000000014,66.25,0.0
20170910,20.725000000000023,72.0,6.9
20170911,26.00000000000003,38.5,0.0
20170912,26.42500000000001,38.75,0.0
20170913,23.55000000000004,54.0,0.0
20170914,23.450000000000017,60.5,0.0
20170915,21.950000000000017,78.0,2.5
20170916,21.525000000000034,55.5,-0.1
20170917,21.87500000000003,45.0,0.0
20170918,20.675000000000026,63.5,2.0
20170919,19.225000000000023,59.0,2.6
20170920,20.40000000000002,59.25,0.0
20170921,21.175000000000026,56.5,0.0
20170922,21.575000000000017,68.25,0.0
20170923,21.90000000000002,71.75,0.0
20170924,21.65000000000002,67.5,0.0
20170925,20.500000000000014,72.5,0.0
20170926,21.450000000000017,54.5,0.0
20170927,21.15000000000002,57.75,0.2
20170928,22.475000000000023,56.5,0.0
20170929,22.275000000000034,51.5,0.0
20170930,22.000000000000014,56.25,0.0
20171001,20.27500000000002,69.5,0.1
20171002,21.475000000000023,70.75,-0.1
20171003,22.12500000000003,69.5,0.0
20171004,21.950000000000017,78.5,0.0
20171005,21.95000000000003,73.75,0.0
20171006,21.575000000000017,68.75,0.0
20171007,19.225000000000023,44.75,0.0
20171008,20.50000000000003,52.75,0.0
20171009,19.900000000000034,67.0,0.0
20171010,20.650000000000034,66.25,0.0
20171011,20.75,68.25,0.0
20171012,20.800000000000026,69.25,0.0
20171013,21.15000000000002,65.75,0.0
20171014,21.225000000000037,68.75,0.0
20171015,20.525000000000034,73.25,0.0
20171016,20.125000000000014,75.0,0.0
20171017,20.275000000000034,71.25,0.0
20171019,20.700000000000028,78.33333333333333,0.0
20171020,17.400000000000034,90.0,2.0
20171021,21.82500000000003,74.25,0.0
20171022,20.700000000000028,41.0,0.0
20171023,20.750000000000014,27.25,0.0
20171024,20.400000000000006,43.25,0.0
20171025,20.025000000000034,48.25,0.0
20171026,19.40000000000002,64.75,0.0
20171027,18.90000000000002,70.25,0.0
20171028,18.550000000000026,48.75,0.0
20171029,18.525000000000034,71.0,0.0
20171030,18.12500000000003,66.5,0.0
20171031,16.82500000000003,77.0,-0.2
20171101,17.400000000000034,68.75,0.0
20171102,17.600000000000023,72.0,0.0
20171103,19.450000000000017,64.25,0.0
20171104,18.72500000000001,76.25,0.0
20171105,17.42500000000001,69.5,-0.2
20171106,14.050000000000011,49.25,0.0
20171107,11.766666666666689,77.0,2.6
20171108,15.125000000000028,66.0,0.0
20171109,12.025000000000006,80.0,1.2999999999999998
20171110,14.275000000000034,77.5,0.2
20171111,15.250000000000028,65.5,0.0
20171112,16.375000000000014,74.0,0.0
20171113,10.425000000000011,64.0,8.2
20171114,12.5,56.25,0.8
20171115,13.350000000000009,68.25,0.2
20171116,14.950000000000031,62.5,0.0
20171117,14.550000000000026,66.75,0.0
20171118,13.600000000000037,65.25,0.0
20171119,13.27500000000002,68.75,0.0
20171120,13.700000000000003,72.0,0.0
20171121,14.27500000000002,71.75,0.0
20171122,13.950000000000017,73.0,0.0
20171123,14.825000000000031,75.75,0.0
20171124,14.825000000000031,77.25,0.0
20171125,14.200000000000031,83.0,0.0
20171126,12.625000000000014,34.0,0.0
20171127,8.266666666666689,63.0,0.0
20171128,10.90000000000002,63.0,0.0
20171129,12.933333333333337,64.33333333333333,0.0
20171130,12.175000000000011,33.25,0.0
20171201,11.133333333333363,55.666666666666664,0.4
20171202,6.400000000000034,94.0,25.0
20171203,9.425000000000011,67.5,0.0
20171204,9.475000000000023,54.75,0.0
20171205,13.200000000000045,48.0,0.0
20171206,11.300000000000011,67.33333333333333,0.0
20171207,11.825000000000017,70.0,0.0
20171208,13.300000000000026,64.0,0.2
20171209,6.425000000000011,54.5,0.7000000000000001
20171210,10.075000000000017,63.75,0.0
20171211,16.125000000000014,72.75,0.1
20171212,12.950000000000017,72.0,-0.1
20171213,13.325000000000031,36.75,0.0
20171214,13.325000000000017,73.0,0.0
20171215,11.925000000000026,72.0,1.0999999999999999
20171216,8.950000000000031,63.75,0.7000000000000001
20171217,7.40000000000002,63.5,0.6
20171218,9.125000000000028,51.0,0.0
20171219,7.475000000000023,78.75,4.3
20171220,6.875000000000028,64.0,0.0
20171221,7.90000000000002,62.25,0.0
20171222,10.27500000000002,69.0,0.0
20171223,12.075000000000031,59.0,0.0
20171224,12.375000000000014,76.75,0.0
20171225,12.90000000000002,72.75,0.0
20171226,11.825000000000017,69.0,-0.1
20171227,10.375000000000014,81.0,0.9000000000000001
20171228,10.825000000000031,43.0,0.0
20171229,9.650000000000006,37.25,0.0
20171230,12.150000000000034,71.25,0.0
20171231,12.575000000000031,87.75,0.0
20180101,14.725000000000009,47.0,-0.1
20180102,14.475000000000023,35.0,0.0
20180103,16.475000000000037,53.0,0.0
20180104,15.825000000000017,74.25,0.0
20180105,13.425000000000011,91.0,0.0
20180106,13.65000000000002,81.25,0.0
20180107,14.950000000000031,87.75,0.0
20180108,15.300000000000026,88.5,-0.1
20180109,14.0,77.0,0.0
20180110,11.550000000000026,79.0,0.2
20180111,10.325000000000017,88.0,8.3
20180112,11.325000000000031,69.75,0.0
20180113,10.200000000000017,67.0,0.0
20180114,10.40000000000002,69.75,0.0
20180115,10.40000000000002,78.75,0.0
20180116,14.075000000000031,67.0,0.0
20180117,14.300000000000026,34.0,0.0
20180118,11.400000000000034,55.25,0.0
20180119,12.825000000000017,70.0,0.0
20180120,12.700000000000017,59.5,-0.1
20180121,16.125000000000014,49.5,0.0
20180122,12.125000000000028,75.0,0.0
20180123,14.075000000000017,77.5,0.0
20180124,12.450000000000017,84.75,0.0
20180125,12.875000000000028,77.25,0.0
20180126,13.975000000000009,81.5,0.0
20180127,12.925000000000011,85.25,0.6000000000000001
20180128,13.325000000000017,73.75,0.0
20180129,11.75,75.5,0.0
20180130,12.875000000000028,70.5,0.0
20180131,12.500000000000028,70.0,0.0
20180201,11.150000000000034,80.0,0.0
20180202,10.600000000000023,88.25,19.6
20180203,8.950000000000017,66.0,0.2
20180204,9.325000000000031,69.0,-0.1
20180205,9.550000000000026,88.75,12.7
20180206,9.325000000000017,89.25,54.400000000000006
20180207,9.850000000000009,78.5,2.4
20180208,10.325000000000017,64.25,0.0
20180209,9.65000000000002,73.5,0.4
20180210,9.975000000000009,65.25,-0.2
20180211,10.350000000000023,62.75,0.0
20180212,12.225000000000023,51.25,0.0
20180213,8.65000000000002,58.0,0.2
20180214,6.675000000000026,78.5,4.0
20180215,9.875000000000014,62.75,0.0
20180216,12.500000000000014,75.25,0.0
20180217,13.850000000000037,84.75,0.4
20180218,13.050000000000011,65.5,0.0
20180219,9.850000000000023,68.0,0.0
20180220,8.000000000000014,70.5,0.30000000000000004
20180221,8.125000000000028,66.25,0.1
20180222,8.250000000000014,77.0,1.5
20180223,9.350000000000023,82.5,5.6000000000000005
20180224,11.075000000000003,85.0,5.1000000000000005
20180225,8.075000000000017,89.75,8.2
20180226,2.750000000000014,59.25,-0.1
20180227,2.3000000000000256,57.25,0.0
20180228,3.2500000000000284,83.0,5.2
20180301,6.925000000000026,97.25,13.7
20180302,12.625000000000014,61.25,2.4000000000000004
20180303,13.02500000000002,76.75,5.2
20180304,11.050000000000026,86.5,3.1
20180305,11.600000000000037,86.25,0.1
20180306,12.700000000000017,79.75,-0.2
20180307,14.733333333333368,48.333333333333336,0.2
20180308,14.175000000000026,57.5,0.0
20180309,14.27500000000002,73.0,0.0
20180310,13.725000000000023,86.0,0.2
20180311,14.000000000000014,95.0,4.500000000000001
20180312,15.525000000000034,57.75,0.2
20180313,15.125000000000014,51.0,0.0
20180314,14.300000000000026,67.75,0.0
20180315,14.100000000000037,83.25,-0.1
20180316,15.425000000000026,79.0,0.0
20180317,13.625000000000014,72.0,5.5
20180318,11.600000000000023,69.25,0.2
20180319,13.000000000000028,65.25,0.1
20180320,8.325000000000017,90.0,26.6
20180321,7.700000000000031,62.25,-0.1
20180322,9.77500000000002,48.25,0.0
20180323,11.175000000000026,55.5,0.0
20180324,11.40000000000002,59.75,0.0
20180325,12.02500000000002,62.5,0.0
20180326,13.275000000000034,56.5,0.0
20180327,14.350000000000023,57.0,0.0
20180328,14.350000000000023,79.75,0.0
20180329,15.52500000000002,81.0,0.0
20180330,16.25000000000003,77.25,0.0
20180331,12.325000000000031,72.25,3.0
20180401,16.325000000000017,50.25,0.0
20180402,14.375000000000028,74.25,0.0
20180403,14.375000000000014,86.5,0.0
20180404,14.700000000000017,95.75,12.799999999999999
20180405,16.375000000000014,79.25,0.0
20180406,16.175000000000026,76.5,0.0
20180407,16.600000000000023,76.0,0.0
20180408,15.90000000000002,78.5,0.0
20180409,14.225000000000023,85.5,19.2
20180410,14.000000000000028,83.25,-0.1
20180411,13.650000000000034,96.0,5.2
20180412,14.800000000000011,77.5,0.0
20180413,15.225000000000037,76.0,0.0
20180414,18.125000000000014,62.25,0.0
20180415,19.42500000000001,57.25,0.0
20180416,20.96666666666668,55.0,0.0
20180417,18.425000000000026,74.75,0.0
20180418,20.250000000000014,59.25,0.0
20180419,20.700000000000017,58.0,0.0
20180420,22.425000000000026,50.75,0.0
20180421,23.225000000000023,53.0,0.0
20180422,21.050000000000026,68.5,0.0
20180423,20.950000000000017,69.0,0.0
20180424,20.27500000000002,71.25,0.0
20180425,20.30000000000001,79.0,0.0
20180426,19.72500000000001,79.0,0.0
20180427,20.700000000000017,70.75,0.0
20180428,20.77500000000002,75.25,1.2
20180429,21.57500000000003,68.75,0.0
20180430,19.450000000000017,57.5,0.0
20180501,13.725000000000023,92.25,12.7
20180502,14.825000000000017,95.0,14.899999999999999
20180503,19.375000000000014,74.25,0.1
20180504,17.725000000000023,81.25,0.9
20180505,19.075000000000003,76.0,0.2
20180506,18.33333333333337,86.66666666666667,2.3
20180507,20.02500000000002,82.75,0.0
20180508,21.000000000000043,74.0,0.0
20180509,18.375000000000014,88.5,8.5
20180510,19.275000000000006,84.75,1.4
20180511,20.050000000000026,81.0,1.0999999999999999
20180512,20.350000000000023,73.0,0.0
20180513,18.40000000000002,80.25,8.4
20180514,15.350000000000023,67.75,2.8
20180515,17.07500000000003,63.5,0.0
20180516,18.77500000000002,70.75,0.0
20180517,19.350000000000023,76.5,0.0
20180518,20.90000000000002,63.5,0.0
20180519,22.67500000000001,53.0,0.0
20180520,22.47500000000001,63.75,0.0
20180521,19.17500000000001,82.25,6.0
20180522,18.400000000000006,90.25,11.7
20180523,22.350000000000023,65.0,0.0
20180524,22.27500000000002,74.0,0.0
20180525,22.750000000000014,75.75,0.0
20180526,24.57500000000003,67.5,0.0
20180527,22.725000000000023,76.75,0.0
20180528,21.77500000000002,81.75,0.0
20180529,22.600000000000023,75.75,-0.2
20180530,24.825000000000017,72.25,0.0
20180531,23.200000000000017,70.75,0.0
20180601,22.62500000000003,76.0,0.0
20180602,23.45000000000003,74.75,0.0
20180603,24.050000000000026,71.5,0.0
20180604,21.600000000000023,67.5,0.0
20180605,23.05000000000001,68.75,0.0
20180606,23.075000000000017,73.75,0.0
20180607,21.42500000000001,82.5,4.1
20180608,23.52500000000002,61.25,0.0
20180609,24.92500000000001,59.75,0.0
20180610,25.42500000000001,64.25,0.0
20180611,24.600000000000023,77.75,0.0
20180612,24.05000000000001,76.0,6.800000000000001
20180613,20.550000000000026,84.25,11.6
20180614,24.95000000000003,59.25,0.0
20180615,26.025000000000034,50.25,0.0
20180616,26.675000000000026,46.75,0.0
20180617,26.125000000000014,63.25,0.0
20180618,26.950000000000017,63.25,0.0
20180619,29.150000000000034,44.25,0.0
20180620,27.725000000000037,47.5,0.0
20180621,27.30000000000001,61.5,0.0
20180622,26.225000000000023,70.75,0.0
20180623,25.800000000000026,53.5,0.0
20180624,24.675000000000026,58.75,0.0
20180625,24.566666666666702,61.666666666666664,0.8
20180626,25.350000000000023,42.25,0.0
20180627,26.70000000000003,44.25,0.0
20180628,20.000000000000014,83.0,15.100000000000001
20180629,26.225000000000023,54.75,0.0
20180630,27.450000000000017,56.5,0.0
20180701,27.27500000000002,64.75,0.0
20180702,26.00000000000003,77.25,0.0
20180703,26.125000000000014,77.0,0.0
20180704,27.07500000000003,72.75,0.0
20180705,27.666666666666686,70.33333333333333,0.0
20180706,28.15000000000002,61.5,0.0
20180707,27.95000000000003,60.0,0.0
20180708,27.775000000000034,65.5,0.0
20180709,28.900000000000034,52.5,0.0
20180710,28.525000000000006,58.5,0.0
20180711,28.225000000000023,65.0,0.0
20180712,27.425000000000026,64.75,0.0
20180713,28.425000000000026,63.0,0.0
20180714,29.150000000000006,62.5,0.0
20180715,29.15000000000002,63.75,0.0
20180716,28.150000000000006,69.75,0.0
20180717,28.550000000000026,56.25,0.0
20180718,28.25000000000003,65.0,0.0
20180719,28.52500000000002,64.0,0.0
20180720,28.700000000000017,63.75,0.0
20180721,27.82500000000003,74.25,-0.1
20180722,26.775000000000034,66.75,0.2
20180723,29.425000000000026,46.5,0.0
20180724,30.850000000000023,41.0,0.0
20180725,28.925000000000026,60.0,0.0
20180726,28.625000000000043,69.0,0.0
20180727,28.15000000000002,69.0,-0.1
20180728,29.02500000000002,66.75,0.0
20180729,29.52500000000002,62.25,0.0
20180730,29.65000000000002,68.0,0.0
20180731,31.100000000000023,61.0,0.0
20180801,31.500000000000014,53.5,0.0
20180802,31.12500000000003,57.75,0.0
20180803,32.27500000000002,47.5,0.0
20180804,31.950000000000017,46.25,0.0
20180805,30.90000000000002,61.75,0.0
20180806,30.80000000000001,58.0,0.0
20180807,29.350000000000023,58.0,0.0
20180808,29.600000000000023,58.75,0.0
20180809,29.87500000000003,64.75,-0.1
20180810,29.700000000000028,59.333333333333336,0.0
20180811,29.600000000000023,70.0,0.0
20180812,28.40000000000002,68.75,0.0
20180813,27.833333333333353,68.66666666666667,0.0
20180814,27.166666666666686,68.33333333333333,5.6
20180815,27.25000000000003,59.5,0.0
20180816,28.97500000000001,47.0,0.0
20180817,28.27500000000002,54.25,0.0
20180818,29.025000000000034,60.75,0.0
20180819,30.27500000000002,53.25,0.0
20180820,30.175000000000026,54.25,0.0
20180821,30.200000000000017,55.25,0.0
20180822,28.925000000000026,61.5,0.0
20180823,29.55000000000001,54.75,0.0
20180824,28.550000000000026,60.5,0.0
20180825,28.300000000000026,56.25,0.0
20180826,26.850000000000023,35.75,0.0
20180827,25.325000000000017,52.25,0.0
20180828,26.800000000000026,59.5,0.0
20180829,27.27500000000002,63.75,0.0
20180830,27.350000000000023,66.5,0.0
20180831,27.200000000000017,68.5,0.0
